Serial Number,
17172wl83233024,
17263wl83532189,
17104wl82998789,
16308wl82506986,
17263wl83533487,
16309wl82510957,
17228wl83419736,
17172wl83231387,
17104wl82999236,
17172wl83234119,
17172wl83232381,
17228wl83417551,
17228wl83419729,
17172wl83233001,
17172wl83233119,
17321wl83721671,
17263wl83532075,
17171wl83228869,
17228wl83418289,
16308wl82509125,
15338wl23842430,
17172wl83231639,
17264wl83534269,
17104wl82998878,
17228wl83417542,
17263wl83531894,
17264wl83533961,
17263wl83532012,
16308wl82508983,
17227wl83416440,
17263wl83533446,
15338wl23842001,
17172wl83232444,
17171wl83228661,
17228wl83417377,
17105wl83000775,
17263wl83532174,
17171wl83229517,
16309wl82510311,
17104wl83000274,
17270wl83550651,
17228wl83418097,
17228wl83417524,
17227wl83416269,
17171wl83229499,
17172wl83231498,
17263wl83533697,
17172wl83231965,
17227wl83416305,
17264wl83534099,
17263wl83533719,
17227wl83416557,
17172wl83233136,
16308wl82506575,
17227wl83416584,
17228wl83417599,
16308wl82508854,
17227wl83416500,
17171wl83231081,
17228wl83418416,
17332wl26910135,
17228wl83417579,
17264wl83534233,
17104wl82998269,
17264wl83534224,
17227wl83416235,
17264wl83534793,
15337wl23840219,
17104wl82999834,
17264wl83535249,
17264wl83534095,
16308wl82507010,
17321wl83721667,
15337wl23840472,
17263wl83533095,
17227wl83416331,
17332wl26910082,
17264wl83534466,
17263wl83533222,
17172wl83232196,
17104wl82998439,
17228wl83417770,
17270wl83551149,
16307wl82505984,
17172wl83231812,
17263wl83532522,
17171wl83231185,
17172wl83232371,
17228wl83418760,
17332wl26909929,
16308wl82506777,
17228wl83419850,
17263wl83533437,
17104wl83000432,
17172wl83232063,
17228wl83419970,
16309wl82511040,
16309wl82510392,
17270wl83550814,
17172wl83232308,
17228wl83419214,
17263wl83532885,
17171wl83228843,
16309wl82510279,
17171wl83231244,
17263wl83532955,
17263wl83533519,
15337wl23840404,
17171wl83230456,
17263wl83533329,
17171wl83228707,
17104wl82998568,
17264wl83534513,
17227wl83416623,
17228wl83418919,
17228wl83418333,
16308wl82508745,
17263wl83532356,
16308wl82507207,
17264wl83534034,
16309wl82510115,
17227wl83416340,
17228wl83419777,
17104wl82998631,
17171wl83230764,
17332wl26909946,
17264wl83534174,
16309wl82511219,
17172wl83232223,
17264wl83535248,
17263wl83531680,
16309wl82510787,
17171wl83229458,
17227wl83416393,
17171wl83229396,
17263wl83531957,
17263wl83532114,
17270wl83550812,
17104wl83000501,
17228wl83417093,
17321wl83722140,
17171wl83231272,
17264wl83535200,
17263wl83533138,
17172wl83234176,
17263wl83533075,
17228wl83419835,
17227wl83416593,
15338wl23845284,
17172wl83233098,
17264wl83534904,
17321wl83721478,
17263wl83531804,
17104wl83000680,
16169wl82178483,
17228wl83417553,
16309wl82510793,
17321wl83722211,
17104wl82999431,
16169wl82178046,
16309wl82510202,
17264wl83534175,
17227wl83416147,
17171wl83230782,
17171wl83229398,
17104wl82998476,
17104wl83000419,
16308wl82506996,
17270wl83550993,
17104wl83000356,
17104wl82998359,
17171wl83228692,
17228wl83418754,
17104wl82998592,
17171wl83228575,
17264wl83535214,
17104wl82999722,
16309wl82510621,
16309wl82511172,
16309wl82510518,
17264wl83533805,
17104wl83000068,
16309wl82510077,
17263wl83533587,
17172wl83232258,
17264wl83534463,
17171wl83229149,
16309wl82510622,
17264wl83534721,
17264wl83534085,
17104wl82998876,
16308wl82509014,
17228wl83418144,
17228wl83419566,
17104wl83000461,
17228wl83419346,
17172wl83233940,
17172wl83231451,
17104wl82999049,
17105wl83000973,
17172wl83232031,
17171wl83230526,
17104wl83000471,
16308wl82510021,
17104wl82999857,
17104wl82998471,
17104wl82999473,
17264wl83533793,
15338wl23841980,
17104WL82998133,
17263WL83532149,
17171WL83231176,
16307WL82506250,
16308WL82506623,
17264WL83534234,
17171WL83229495,
16308WL82506980,
17228WL83419112,
17228WL83417912,
17228WL83416824,
17263WL83532927,
17104WL82999322,
17104WL82998338,
17227WL83416542,
17264WL83534903,
17104WL82999883,
17263WL83531837,
17228WL83418338,
17263WL83532542,
15338WL23842995,
16308WL82509027,
17263WL83532295,
17321WL83722122,
17104WL83000455,
17228WL83417235,
17227WL83416206,
17172WL83232980,
17104WL82998835,
17172WL83233046,
17227WL83416149,
17171WL83230393,
16309WL82510079,
17321WL83721751,
17321WL83721626,
17104WL82999453,
17228WL83416956,
16308WL82507004,
17270WL83551021,
17264WL83534871,
17263WL83532837,
17227WL83416237,
16309WL82510903,
17228WL83420235,
16309WL82510674,
17104WL83000202,
17228WL83418069,
17228WL83418317,
16308WL82506815,
17263WL83532652,
17171WL83230602,
17228WL83417212,
17264WL83535055,
17228WL83418934,
16308WL82507008,
17228WL83416912,
17263WL83531883,
17263WL83532401,
17270WL83550531,
17228WL83417957,
17104WL83000631,
17228WL83419253,
17171WL83229449,
17228WL83419353,
17228WL83419584,
17227WL83416208,
17264WL83534568,
17104WL83000480,
16309WL82511348,
17171WL83229387,
17171WL83229399,
16309WL82510914,
17270WL83550743,
17104WL82999492,
16309WL82510751,
16308WL82508977,
16308WL82506693,
16308WL82507203,
16308WL82509106,
17270WL83551020,
17105WL83000804,
17264WL83534111,
17104WL83000288,
17104WL82998809,
16308WL82506521,
17104WL82999253,
17171wl83231299,
15338wl23843182,
17228wl83418345,
17264wl83535279,
17104wl82998951,
16309wl82510391,
17228wl83418136,
17228wl83418792,
17104wl83000269,
17228wl83418192,
17104wl82999947,
17264wl83535160,
17263wl83531992,
16308wl82506887,
17104wl82999406,
17228wl83418399,
17228wl83417472,
17228wl83417152,
15244wl81451192,
17104wl83000465,
17228wl83416943,
17227wl83416291,
17228wl83419789,
16308wl82506554,
17171wl83229061,
16308wl82509030,
17263WL83532768,
15337WL23840044,
17172WL83232053,
17332WL26910105,
15339WL23849114,
17105WL83000770,
17264WL83534156,
15339WL23848947,
17228WL83417063,
17321WL83721579,
15338WL23842176,
17172WL83231847,
15337WL23840697,
15338WL23845708,
17172WL83233337,
15337WL23840154,
15337WL23839259,
17228WL83416707,
15339WL23849288,
17263WL83532742,
15338WL23845202,
15337WL23840514,
17228WL83417779,
17263WL83532391,
17321WL83722131,
15338WL23842945,
15338WL23843086,
15338WL23842960,
15337WL23839058,
17263WL83532456,
17270WL83551220,
15338WL23842936,
17228WL83418232,
17172WL83232036,
15337WL23840375,
17228WL83417029,
16309WL82510496,
15342WL23858295,
17321WL83721536,
17228WL83420072,
17228WL83416804,
15337WL23840725,
15337WL23838904,
17227WL83416556,
15337WL23838889,
15338WL23841415,
17332WL26910110,
17263WL83531994,
17228WL83417052,
15338WL23841410,
15337WL23840474,
17332WL26909941,
17172WL83231673,
17171WL83229362,
17321WL83721604,
17104WL83000092,
16308WL82509008,
17228WL83417045,
17228WL83418769,
17228WL83417818,
17270WL83551316,
15338WL23843645,
15339WL23849246,
17264WL83534413,
17228WL83416780,
17263WL83532420,
17332WL26910049,
17228WL83417708,
15337WL23840559,
15337WL23840689,
17228WL83420062,
15338WL23841592,
15337WL23839371,
16308WL82507006,
17104WL82998858,
17228WL83419990,
17264WL83534374,
17332WL26910163,
17172WL83234189,
15339WL23849338,
15342WL23858232,
17172WL83232979,
16308WL82508953,
17264WL83534540,
17228WL83416752,
17228WL83418998,
15337WL23840167,
16308WL82507009,
15338WL23844106,
17172WL83231449,
17263WL83532653,
17104WL82999485,
17263WL83531850,
16309WL82510128,
17228WL83417264,
17270WL83550929,
15339WL23848977,
15338WL23842109,
17332WL26910137,
15339WL23849253,
15338WL23844607,
17228WL83416889,
17270WL83551169,
17264WL83534853,
17264WL83533988,
17172WL83231626,
17228WL83417697,
17227WL83416497,
17321WL83722279,
17228WL83419888,
17263WL83533712,
17263WL83532798,
15338WL23840829,
16309WL82510232,
17228WL83418363,
17104WL82998611,
17172WL83232302,
17104WL82998452,
17228WL83417318,
17264WL83534230,
17264WL83535112,
17172WL83232106,
17228WL83417954,
17264WL83535087,
17171WL83229330,
16308WL82509783,
17171WL83230660,
17171WL83228725,
17228WL83419419,
17228WL83419781,
17263WL83532267,
17264WL83533856,
16309WL82510702,
17227WL83416460,
17263WL83531902,
17263WL83533470,
17105WL83000751,
17172WL83234180,
17263WL83531765,
17264WL83534968,
17104WL82999501,
17228WL83417225,
17270WL83550793,
17228WL83416727,
17227WL83416277,
17228WL83419359,
17104WL83000506,
17264WL83534846,
17172WL83231489,
15337WL23840288,
17172WL83232018,
17104WL83000074,
17228WL83419144,
17263WL83532769,
17263WL83531864,
17228WL83416779,
17227WL83416107,
16309WL82510526,
16308WL82509393,
17228WL83418104,
17228WL83417919,
17171WL83229358,
17227WL83416611,
17228WL83419863,
17228WL83419089,
15338WL23842933,
17264WL83535310,
17172WL83234209,
17104WL82999017,
17321WL83722537,
17227WL83416243,
17264WL83534352,
17228WL83416664,
17228WL83420113,
17263WL83532576,
17104WL82998369,
17228WL83416763,
17171WL83229079,
17105WL83000739,
16309WL82510218,
17228WL83416773,
17228WL83417989,
15338WL23842553,
15338WL23843824,
17104WL82999251,
17228WL83419097,
17263WL83532553,
17104WL82998526,
17264WL83534372,
17264WL83534183,
17104WL82999468,
17228WL83418496,
17104WL82999187,
17171WL83230359,
17172WL83232375,
16309WL82510795,
17104WL82999620,
17228WL83416784,
17321WL83722174,
17228WL83418408,
17228WL83417080,
17227WL83416511,
16308WL82509671,
16309WL82510625,
17104WL82998627,
16309WL82510730,
17172WL83232945,
17263WL83533503,
17228WL83419171,
17104WL82997888,
17264WL83534485,
16323WL82551164,
17263WL83533099,
17228WL83418734,
15338wl23845346,
17264wl83535328,
17228wl83418926,
16308wl82509015,
17104wl83000382,
17104wl82999357,
17104wl83000100,
17227wl83416590,
17263wl83532603,
17321wl83722003,
17263wl83532501,
17227wl83416267,
17228wl83418204,
17270wl83550865,
16308wl82507384,
17228wl83418592,
17228wl83416708,
17228wl83418938,
17228wl83417636,
16309wl82510752,
17228wl83418388,
17263wl83533245,
17228wl83418310,
17228wl83417357,
17171wl83228859,
15338wl23845217,
17228wl83418191,
15338wl23845298,
17264wl83534823,
17270wl83550882,
17227wl83416153,
17263wl83532165,
17172wl83232243,
16308wl82509032,
17228wl83416686,
17228wl83419836,
17104wl83000440,
17228wl83419167,
17228wl83418494,
17263wl83533515,
17105wl83000735,
17270wl83551162,
17270wl83550736,
17228wl83417293,
17104wl82999205,
17264wl83534054,
17264wl83534473,
17104wl82999609,
16308wl82506573,
17228wl83417594,
17264wl83534055,
17228wl83418324,
17104wl83000170,
16308wl82509663,
17172wl83231857,
17104wl82998873,
17228wl83417229,
15338wl23842905,
17104wl82998506,
17263wl83532724,
16309wl82510206,
17270wl83551322,
17172wl83232869,
17104wl82999068,
17228wl83418241,
17171wl83228887,
16309wl82511262,
15337wl23840632,
17264wl83535347,
17228wl83418446,
17171wl83230767,
17228wl83418224,
17104wl82999225,
17228wl83418771,
16308wl82506722,
17228wl83419145,
17228wl83418243,
17104wl82998221,
17171wl83228807,
16309wl82511147,
17104wl82999542,
17228wl83418215,
17263wl83532889,
16308wl82506821,
16309wl82510873,
17263wl83532294,
16308wl82508758,
17263wl83532780,
17263wl83532593,
17228wl83418803,
17264wl83534861,
16309wl82510967,
17263wl83531939,
17263wl83533083,
17264wl83534580,
17228wl83418343,
17270wl83551111,
17227wl83416215,
17171wl83229002,
17171wl83231251,
17321wl83721989,
17264wl83534287,
17171wl83228834,
17228wl83418206,
17321wl83722244,
17264wl83534394,
17227wl83416228,
17228wl83418105,
17321wl83721517,
17263wl83533316,
17171wl83228781,
16309wl82510876,
17263WL83532728,
17104WL83000119,
17171WL83228627,
17104WL83000216,
17227WL83416270,
15337WL23840183,
17263WL83533686,
17227WL83416319,
17171WL83229105,
17228WL83418627,
17104WL82999185,
17270WL83550659,
17228WL83418445,
16308WL82508669,
17104WL83000434,
17171WL83229436,
17264WL83533999,
17264WL83534098,
17228WL83418083,
17263WL83532086,
17171WL83229503,
17228WL83419393,
17171WL83230341,
17104WL82998522,
17228WL83416673,
17228WL83419985,
17264WL83534801,
17104WL82999846,
16308WL82508961,
17263WL83532845,
17104WL83000304,
17321WL83721761,
17104WL82998807,
16308WL82508794,
16309WL82510640,
17270WL83550709,
17263WL83532709,
17264WL83534129,
17270WL83551242,
17105WL83000807,
16308WL82507206,
17321WL83721628,
17228WL83417888,
17172WL83232118,
17228WL83418517,
17171WL83230461,
17264WL83534057,
17228WL83417418,
17172WL83233879,
17264WL83535305,
17171WL83229551,
17228WL83418169,
17104WL83000685,
17171WL83228735,
17264WL83534865,
17172WL83232299,
17171WL83229554,
17264WL83535079,
17228WL83417778,
17264WL83534341,
16169WL82177925,
17104WL83000584,
17228WL83418510,
17228WL83419796,
17264WL83533806,
17228WL83419700,
17263WL83532908,
17228WL83416693,
17263WL83532839,
17270WL83550632,
17228WL83419002,
17171WL83229226,
17263WL83532814,
17104WL82998304,
15339WL23849204,
17104WL83000060,
17228WL83418359,
17263WL83532348,
17228WL83418576,
17228WL83418669,
16308WL82508759,
17263WL83531826,
17228WL83418984,
16309WL82510636,
17270WL83550631,
17228WL83419125,
16309WL82510727,
17104WL82998519,
17263WL83533491,
17228WL83418470,
17172WL83232292,
17172WL83233986,
17263WL83532105,
17171WL83230291,
17228WL83418458,
17228WL83417242,
17263WL83532917,
17228WL83418139,
17228WL83418170,
16308WL82506494,
17263WL83533597,
17104WL83000305,
17227WL83416272,
17171WL83228695,
16308WL82507000,
17172WL83233925,
17172WL83232865,
17104WL82999443,
16309WL82510781,
17227WL83416236,
17104WL83000594,
16308WL82506673,
17263WL83532250,
17227WL83416391,
16309WL82510217,
17263WL83533186,
17228WL83418963,
17228WL83418353,
15244WL81450913,
17171WL83229282,
17228WL83418313,
17228WL83418259,
17228WL83418583,
17227WL83416255,
17228WL83419804,
17263WL83532329,
17104WL82999035,
17171WL83229228,
17228WL83417370,
16308WL82506660,
17264WL83535342,
17228WL83418678,
17228WL83416936,
17104WL83000531,
17270WL83550710,
17263WL83533204,
17263WL83532563,
17104WL82999685,
17228WL83419018,
17270WL83551046,
17228WL83417276,
17228WL83416734,
17172WL83231764,
17104WL83000188,
17172WL83231948,
17172WL83234016,
15337WL23840134,
17172WL83231408,
16309WL82510080,
16308WL82506743,
17228WL83418608,
17228WL83418746,
17227WL83416353,
17321WL83722282,
17105WL83000790,
15338WL23843966,
17104WL82998475,
17228WL83419345,
15338WL23840733,
16308WL82509024,
15338WL23845246,
16309WL82510210,
17171WL83230828,
15338WL23842659,
17321WL83722242,
16309WL82510849,
17227WL83416457,
17104WL82998428,
17105WL83000911,
17264WL83533923,
17227WL83416537,
17264WL83534123,
17227WL83416364,
17228WL83420127,
17263WL83531999,
17263WL83533463,
17263WL83532060,
17104WL82999668,
17172WL83233837,
17263WL83532744,
17228WL83419108,
17228WL83418425,
17228WL83418181,
17171WL83228897,
17263WL83532190,
17171WL83229471,
15337WL23839056,
17172WL83232472,
17171WL83229413,
17263WL83532142,
17264WL83535268,
17104WL83000149,
17264WL83534562,
16169WL82178104,
17228WL83419855,
17228WL83418907,
17104WL83000075,
17228WL83418221,
16308WL82506528,
17171WL83230492,
16308WL82508534,
17104WL82998714,
16308WL82508750,
17227WL83416253,
17228WL83418250,
17228WL83420109,
17228WL83417906,
15338WL23840857,
16309WL82511208,
17228WL83417772,
17228WL83417068,
17228WL83418175,
17264WL83534523,
17172WL83232109,
17228WL83418328,
17172WL83232452,
17172WL83233353,
17228WL83417873,
17228WL83417933,
17270WL83550879,
17228WL83420232,
16308WL82506523,
15338WL23841890,
17171WL83230790,
17171WL83230647,
17172WL83232071,
17263WL83532169,
17264WL83534021,
16309WL82510138,
17228WL83417331,
16308WL82508917,
17228WL83417441,
17228WL83419119,
17263WL83532559,
17228WL83419301,
17104WL82998509,
15337WL23838928,
17263WL83533266,
17228WL83417838,
16308WL82506565,
17263WL83532873,
17171WL83231121,
17171WL83230354,
17175WL83243963,
15338WL23841434,
17172WL83232176,
16308WL82506791,
17104WL82998291,
16309WL82511153,
17228WL83417848,
17264WL83534244,
16309WL82510892,
17228WL83419035,
15338WL23845325,
17228WL83418621,
17171WL83228872,
17270WL83551116,
16308WL82509629,
17104WL82999188,
17228WL83417057,
17270WL83551227,
17171WL83231199,
17171WL83228587,
17227WL83416129,
17228WL83420009,
17264WL83534920,
17228WL83417913,
17171WL83228856,
17104WL82999967,
17228WL83420169,
17263WL83532705,
17228WL83416960,
17227WL83416111,
17263WL83533391,
17228WL83418303,
17172WL83232030,
17104WL82998528,
16308WL82508614,
17263WL83532506,
17228WL83418078,
17227WL83416321,
17263WL83532479,
17264WL83535414,
17228WL83418081,
17263WL83532111,
17270WL83550783,
17270WL83550670,
17263WL83531922,
17228WL83418480,
17321WL83722249,
17171WL83228581,
17228WL83416759,
17227WL83416594,
17104WL83000045,
17228WL83418334,
17263WL83531860,
17263WL83533334,
16308WL82506770,
17264WL83534906,
17264WL83533928,
17270WL83551110,
16309WL82511089,
17104WL82998866,
17227WL83416489,
17104WL83000403,
17264WL83533902,
17228WL83417508,
17228WL83418247,
17172WL83232305,
17228WL83418198,
17228WL83418054,
17104wl83000432,
15338wl23845201,
17172wl83232054,
17270wl83550957,
15338wl23844292,
15338wl23842372,
15338wl23844638,
15337wl23839241,
15338wl23845244,
15337wl23839021,
15337wl23839377,
16308wl82508767,
15337wl23840035,
15338wl23843737,
15337wl23840399,
15338wl23843412,
15339wl23849056,
15337wl23840381,
15339wl23848943,
15338wl23843198,
15337wl23839206,
15338wl23843037,
15338wl23844556,
15338wl23844165,
15338wl23842322,
15338wl23845415,
17105wl83000801,
15338wl23845571,
15338wl23843760,
17172wl83233394,
15339wl23848842,
15339wl23849210,
17332wl26910154,
16309wl82510493,
15337wl23838976,
17332wl26909920,
17332wl26909880,
17263wl83532821,
15338wl23842701,
17263wl83532665,
17228wl83419878,
17172wl83232061,
15338wl23844252,
15338wl23841983,
15337wl23840685,
15338wl23843992,
17263wl83533272,
17172wl83232382,
15338wl23842335,
17104wl82998677,
17171wl83230316,
15338wl23844957,
15338wl23844020,
15337wl23839029,
15338wl23844846,
15338wl23843463,
15337wl23840552,
15338wl23843496,
15338wl23844161,
15338wl23844056,
15338wl23840731,
15338wl23844015,
15342wl23858184,
15338wl23842155,
15338wl23843371,
15337wl23838916,
15338wl23840876,
17267wl83532711,
15337wl23839354,
15342wl23859007,
15339wl23848972,
15338wl23843780,
15337wl23840101,
15337wl23839240,
15338wl23844341,
15337wl23840284,
17263wl83532392,
15338wl23842309,
15338wl23844022,
15337wl23840198,
15337wl23840411,
15338wl23842255,
15338wl23844183,
17332wl26910168,
15338wl23844633,
15338wl23845316,
15338wl23842278,
15338wl23843602,
17227wl83416197,
15337wl23840469,
15338wl23843471,
15338wl23845131,
15337wl23838932,
15338wl23845488,
15337wl23840300,
15337wl23840640,
17171wl83230744,
15339wl23849220,
15337wl23839307,
15337wl23840353,
15337wl23840665,
15338wl23843096,
15339wl23849049,
15337wl23840605,
15338wl23843085,
15337wl23840306,
15338wl23844145,
15337wl23840350,
15338wl23844072,
15338wl23841571,
15338wl23845243,
15338wl23841828,
15337wl23838974,
15338wl23845150,
15339wl23848856,
15338wl23845226,
15338wl23845254,
15338wl23842823,
15337wl23840106,
17332wl26909986,
15338wl23844563,
15339wl23849009,
15338wl23842488,
15338wl23840746,
15338wl23842797,
15338wl23843864,
17228wl83418193,
15338wl23841400,
15339wl23848969,
15337wl23840398,
15337wl23840005,
17171wl83229238,
15337wl23840452,
15337wl23840081,
15338wl23841718,
15337wl23840643,
15338wl23844278,
15337wl23840153,
15338wl23842841,
17332wl26910167,
15338wl23843991,
15338wl23844665,
15338wl23842045,
17172wl83232017,
15337wl23839068,
15338wl23841817,
15338wl23841723,
15338wl23843095,
15339wl23848893,
15338wl23844235,
17264wl83534411,
16308wl82509786,
15339wl23848913,
17228wl83419963,
15338wl23841913,
15338wl23840744,
15338wl23842949,
15337wl23840254,
17228wl83416839,
17227wl83416145,
17264wl83534712,
17263wl83533341,
17172wl83231645,
17264wl83534768,
17171wl83228971,
17270wl83550467,
17172wl83231920,
17263wl83532136,
17270wl83550799,
15339wl23849215,
17263wl83533530,
17264wl83534480,
15338wl23844263,
15338wl23842547,
17227wl83416265,
15339wl23849266,
17227wl83416261,
17104wl82999071,
17228wl83416698,
15338wl23844876,
15337wl23839387,
15338wl23840742,
15337wl23840409,
17263wl83532024,
15337wl23840422,
17104wl83000038,
15338wl23841319,
15338wl23841485,
15339wl23849284,
15337wl23840441,
15337wl23839372,
15338wl23844205,
15337wl23840618,
15338wl23843875,
17104wl82999382,
15338wl23843363,
15338wl23845398,
15337wl23840132,
15338wl23842898,
15342wl23858287,
15342wl23858228,
15342wl23858301,
15338wl23842331,
15337wl23840216,
15337wl23840434,
15337wl23840196,
15338wl23841003,
17228wl83416934,
15338wl23842664,
15337wl23840726,
17270wl83550871,
17264wl83534496,
17172wl83233693,
15337wl23839189,
15338wl23841590,
17332wl26910005,
15338wl23841695,
17228wl83417668,
15338wl23843186,
15339wl23849292,
15338wl23844280,
17227wl83416247,
15338wl23843392,
17228wl83418777,
15338wl23843820,
15338wl23841396,
15338wl23844350,
15337wl23840506,
15338wl23844019,
15337wl23839304,
15342wl23858156,
15338wl23842685,
15338wl23842572,
15338wl23840942,
15339wl23848992,
15338wl23843321,
17228wl83419134,
15337wl23840168,
15338wl23841408,
15337wl23840503,
15338wl23841740,
15339wl23848904,
15338wl23843829,
15338wl23841404,
15338wl23844074,
15338wl23841478,
15337wl23839414,
17228wl83419770,
15342wl23858168,
15338wl23845386,
15342wl23858233,
15338wl23845376,
15337wl23840184,
15338wl23845133,
15338wl23842920,
15338wl23842678,
15338wl23843949,
15338wl23842785,
17228wl83417352,
15338wl23842425,
15337wl23840282,
15338wl23842211,
15337wl23838969,
15338wl23843566,
15338wl23840948,
15339wl23849110,
15338wl23842476,
15338wl23842981,
15338wl23842261,
15338wl23843314,
15338wl23843755,
15338wl23842904,
17104wl82999275,
15339wl23849305,
15337wl23839385,
15337wl23840060,
15337wl23840325,
15338wl23842324,
17228wl83419889,
15338wl23842851,
17104wl82999624,
15342wl23858139,
15338wl23841651,
17104wl82998673,
15338wl23844507,
17172wl83234273,
15338wl23843584,
17228wl83418923,
15338wl23841297,
15342wl23858174,
15339wl23849303,
17172wl83233609,
15338wl23843127,
15338wl23842604,
17228wl83417677,
15338wl23842630,
17263wl83532719,
15338wl23843823,
16309wl82510728,
17263wl83532667,
17171wl83230487,
17321wl83721563,
17270wl83550726,
17172wl83232083,
17264wl83534088,
15338wl23841431,
15338wl23843216,
15338wl23844331,
15337wl23839181,
15338wl23843784,
17263wl83532255,
17104wl83000066,
15338wl23841556,
15338wl23842304,
15338wl23841504,
15338wl23845282,
17264wl83534983,
15338wl23841574,
17172wl83231366,
15338wl23843065,
17270wl83550716,
16309wl82510103,
15338wl23841524,
15338wl23844066,
17172wl83231937,
17227wl83416432,
17228wl83417329,
15337wl23840175,
15338wl23844949,
15337wl23839308,
15338wl23842838,
17172wl83232516,
17263wl83532941,
17228wl83417904,
15337wl23840197,
15339wl23848939,
17264wl83534058,
15337wl23840718,
17171wl83228903,
15338wl23844688,
17172wl83233944,
15337wl23840161,
15338wl23843404,
17171wl83229511,
15338wl23842588,
17227wl83416494,
15338wl23841322,
15337wl23838900,
15337wl23840494,
15338wl23842536,
15337wl23840533,
15338wl23843051,
15338wl23845326,
15338wl23840774,
17228wl83419978,
15338wl23840732,
17228wl83417228,
17264wl83534030,
15338wl23841461,
15338wl23843794,
15338wl23842130,
15338wl23844608,
17227wl83416417,
15338wl23844611,
15338wl23840872,
15337wl23840262,
15337wl23840563,
15338wl23843046,
17228wl83418008,
17263wl83533096,
16309wl82510421,
17321wl83721779,
16309wl82511077,
17104wl82998414,
15339wl23849309,
17264wl83534548,
15338wl23845166,
17171wl83229253,
17228wl83417058,
17228wl83418149,
15337wl23839957,
17171wl83231266,
17263wl83531970,
17227wl83416426,
15338wl23841327,
17228wl83419798,
17104wl83000573,
17227wl83416554,
15337wl23840456,
17264wl83535383,
17264wl83534479,
17228wl83419385,
16309wl82510412,
17105wl83000834,
17263wl83531995,
17263wl83533692,
17264wl83535053,
17270wl83550849,
17172wl83232192,
15338wl23845031,
17104wl83000453,
17172wl83231845,
16308wl82509996,
17104wl82998430,
17104wl82998776,
17321wl83722273,
17263wl83533351,
17228wl83418155,
17270wl83550712,
17171wl83228647,
16309wl82510671,
15338wl23843369,
15337wl23839345,
17228wl83416718,
17172wl83233059,
17228wl83418240,
17104wl83000291,
15337wl23840697,
17171wl83229390,
15338wl23844355,
17172wl83232485,
17228wl83419143,
17263wl83532700,
15338wl23842459,
17228wl83416825,
15337wl23839398,
17228wl83416747,
15338wl23845655,
15338wl23841584,
17270wl83551064,
15338wl23843554,
16309wl82510630,
17228wl83417281,
15338wl23844349,
17228wl83417667,
15338wl23842668,
15338wl23842202,
17172wl83232116,
17172wl83232330,
17104wl82999694,
17227wl83416428,
17228wl83418936,
15338wl23842695,
17104wl82998753,
17228wl83417215,
17228wl83418506,
16308wl82506689,
17104wl83000226,
16309wl82510069,
17263wl83531851,
17263wl83533460,
17228wl83418705,
15338wl23845370,
17104wl82999840,
17172wl83232187,
17228wl83418329,
15337wl23839214,
17264wl83533960,
17263wl83533685,
17228wl83416869,
15338wl23842417,
16309wl82510766,
15338wl23843533,
17228wl83418063,
17228wl83416963,
17228wl83419223,
17171wl83229284,
17228wl83419011,
17172wl83232122,
17270wl83550845,
17264wl83534065,
16308wl82509807,
17227wl83416282,
15338wl23843100,
17263wl83531900,
17228wl83418585,
17263wl83532219,
17270wl83551222,
17171wl83230497,
17228wl83419912,
17228wl83417237,
17263wl83533257,
15338wl23844538,
16309wl82510436,
17172wl83233009,
17264wl83534851,
15337wl23840553,
15338wl23841498,
16309wl82510471,
17228wl83417895,
17228wl83418103,
17228wl83420145,
17228wl83418695,
16308wl82509972,
17172wl83234197,
16308wl82509622,
17263wl83532595,
16308wl82509559,
17171wl83230302,
17270wl83550891,
17104wl82999173,
17171wl83230829,
17264wl83533793,
17104wl82998378,
17263wl83533228,
16309wl82510918,
17228wl83417800,
17270wl83550684,
17264wl83533937,
17228wl83418739,
17228wl83418377,
16308wl82509790,
17171wl83230283,
17228wl83419329,
16309wl82510102,
17105wl83000786,
16309wl82511389,
17228wl83416838,
15339wl23849226,
16309wl82510417,
17172wl83232514,
15338wl23842617,
17228wl83419817,
17104wl82999252,
16309wl82511243,
17228wl83418321,
16308wl82508818,
17264wl83534367,
16309wl82511216,
17228wl83419962,
17264wl83533786,
17263wl83531996,
17228wl83419117,
15338wl23845271,
17171wl83230771,
15338wl23844704,
16309wl82510097,
17228wl83418005,
17104wl83000389,
17171wl83230638,
17172wl83232451,
17104wl82999738,
17264wl83533947,
15338wl23840944,
15338wl23843081,
15338wl23842474,
15337wl23840251,
17104wl82998289,
15337wl23839261,
16309wl82510803,
17227wl83416596,
17270wl83551197,
17228wl83417111,
17172wl83234242,
17172wl83233053,
17171wl83228632,
17270wl83551082,
17228wl83417303,
17171wl83230539,
17227wl83416365,
17172wl83233876,
17172wl83232420,
17104wl82999999,
17172wl83234169,
15338wl23845411,
17228wl83416851,
17228wl83417401,
15342wl23858286,
15337wl23840611,
15337wl23840018,
17228wl83419959,
15337wl23840467,
15337wl23840622,
16309wl82510947,
17227wl83416352,
17172wl83232719,
15337wl23840087,
15337wl23838851,
15339wl23848844,
15338wl23840786,
16308wl82509764,
17228wl83416778,
15338wl23843107,
15339wl23849206,
15338wl23842499,
15338wl23844142,
15338wl23842972,
15337wl23840217,
15342wl23858144,
15338wl23842265,
16308wl82509115,
15338wl23843960,
15338wl23842160,
15338wl23845239,
15213wl23314656,
15338wl23842927,
15338wl23841417,
15338wl23842059,
17270wl83550832,
17228wl83417036,
16308wl82509088,
15337wl23840681,
17321wl83721507,
17270wl83550954,
17263wl83533058,
17228wl83417264,
17228wl83420218,
16309wl82511079,
17104wl82998423,
16308wl82507014,
17228wl83418757,
17172wl83233054,
16309wl82511395,
15337wl23840176,
15339wl23849203,
17172wl83233342,
17263wl83532942,
17172wl83231501,
15338wl23843504,
15338wl23842729,
17264wl83534143,
15338wl23842447,
15338wl23842598,
15337wl23839161,
15338WL23842627,
15337wl23840181,
15338wl23844105,
15337wl23838864,
15338wl23845275,
15338wl23842879,
15338wl23841897,
15339wl23848858,
15338wl23843097,10/7/2019
17104wl83000022,
15338wl23843544,
17228wl83417584,
16309wl82510976,
17228wl83418726,
15338wl23841863,
17172wl83232958,
17263wl83531731,
15337wl23839048,
16309wl82510726,
17264wl83534550,
15338wl23843536,
15338wl23841384,
17270wl83550625,
17172wl83233340,
17228wl83417679,
17270wl83551103,
17228wl83419333,
17172wl83232920,
17172wl83233283,
17172wl83232078,
15337wl23839089,
17321wl83722652,
16308wl82509662,
16309wl82511194,
17172wl83233285,
17228wl83418559,
17228wl83418713,
17228wl83418129,
15338wl23842267,
17228wl83417350,
15337wl23839396,
17172wl83233720,
17104wl82999381,
17228wl83418917,
17172wl83231830,
15337wl23839281,
15338wl23843982,
15338wl23841877,
15338wl23844734,
16308wl82507251,
15338wl23842491,
15338wl23843441,
17263wl83533144,
17321wl83721547,
17228wl83417875,
16308wl82510005,
15338wl23843951,
17228wl83417146,
17228wl83418853,
17263wl83532080,
17228wl83417031,
15338wl23841480,
15338wl23844589,
17172wl83233280,
15337wl23839961,
17228wl83417210,
17228wl83417771,
17105wl83000838,
17227wl83416337,
17321wl83722003,
15337wl23839170,
15338wl23845664,
15339wl23849123,
15338wl23841857,
15338wl23842157,
15339wl23848869,
15338wl23841618,
15338wl23842472,
15338wl23842382,
15338wl23844141,
15338wl23845287,
15337wl23840524,
15338wl23844121,
15337wl23838846,
15337wl23839379,
15337wl23839093,
15337wl23840139,
15338wl23842413,
15337wl23840209,
15338wl23845108,
15337wl23839173,
15338wl23842113,
15337wl23838971,
15338wl23841429,
15337wl23840587,
15338wl23843250,
15338wl23844294,
15338wl23842772,
16323wl82551238,
17172wl83232899,
17172wl83232918,
15342wl23858250,
15337wl23840039,
16309wl82511266,
17263wl83533038,
17228wl83418039,
15338wl23844488,
15337wl23840143,
15337wl23838917,
15338wl23845045,
17263wl83531961,
15337wl23838866,
15342wl23858241,
15342wl23858176,
15338wl23843217,
15337wl23838911,
15338wl23844617,
15339wl23849291,
15338wl23842028,
15337wl23840200,
15337wl23839007,
15338wl23842013,
15337wl23840466,
15337wl23839950,
15337wl23840660,
15337wl23839038,
15337wl23840497,
15337wl23840459,
15338wl23841674,
15338wl23843227,
15337wl23840102,
15337wl23840551,
15338wl23843421,
15338wl23842117,
15338wl23842008,
17228wl83418762,
17228wl83419820,
17228wl83416666,
15337wl23840085,
17175wl83244063,
17335wl26916862,
17228wl83417093,
15337wl23838930,
17171wl83230395,
17263wl83532943,
15338wl23841699,
15338wl23845705,
15342wl23858153,
15339wl23848852,
15338wl23843233,
15338wl23843649,
15338wl23841564,
17321wl83721819,
17332wl26909997,
17228wl83417413,
16309wl82511160,
16309wl82510276,
17227wl83416336,
17263wl83532779,
17228wl83416762,
17263wl83533393,
17228wl83417935,
17228wl83418747,
17228wl83418108,
17104wl82999580,
17228wl83419254,
17171wl83228863,
17104wl82998502,
17104wl82998358,
17104wl82998341,
17171wl83230923,
15338wl23845350,
15338wl23845034,
15337wl23840223,
17332wl26910153,
15337wl23840401,
17172wl83233378,
15338wl23842249,
17321wl83721660,
15338wl23843860,
15338wl23844738,
15338wl23842188,
15338wl23842613,
15338wl23843401,
17270wl83550541,
15338wl23843627,
15338wl23842688,
17228wl83417608,
15337wl23838981,
17228wl83418565,
15338wl23845269,
17104wl82998382,
15338wl23842100,
17228wl83418099,
15337wl23839382,
15342wl23859024,
15339wl23848963,
15338wl23845438,
15338wl23843123,
16309wl82510296,
16309wl82510252,
17263wl83532884,
17228wl83418729,
17228wl83418292,
17228wl83417852,
16309wl82510383,
15338wl23842441,
17172wl83233147,
17332wl26909985,
15337wl23840684,
15337wl23840094,
15337wl23840560,
17332wl26910175,
15338wl23840873,
17228wl83417512,
17228wl83420098,
17263wl83533698,
17104wl82997911,
16308wl82506848,
17228wl83417669,
16308wl82506809,
17228wl83419020,
15337wl23838855,
15338wl23843235,
15337wl23840297,
16309wl82510777,
17264wl83533808,
17264wl83535418,
17171wl83228564,
15337wl23839367,
15338wl23842036,
15339wl23849121,
15339wl23848926,
15338wl23842068,
15339wl23849216,
17172wl83232893,
17270wl83550896,
17228wl83417713,
17172wl83233784,
15338wl23842247,
17228wl83419941,
17104wl83000218,
17228wl83419380,
17104wl82998799,
15339wl23849212,
17263wl83533486,
17171wl83230974,
17228wl83416864,
17104wl82999314,
17228wl83419219,
17270wl83551094,
17264wl83533740,
17264wl83534909,
17228wl83417143,
17264wl83533834,
15339wl23849269,
17228wl83417650,
17263wl83532791,
17263wl83533068,
17104wl82998394,
17172wl83233206,
17172wl83233408,
17171wl83230515,
17172wl83233958,
17264wl83533813,
16308wl82509881,
17104wl82998752,
16309wl82511097,
17104wl82999463,
16309wl82510805,
17172wl83234277,
17264wl83534190,
17264wl83535258,
17172wl83232931,
17263wl83533013,
16308wl82509686,
17104wl82999475,
17104wl83000054,
16308wl82509886,
16309wl82510797,
17104wl82999217,
17263wl83532809,
17263wl83532915,
17263wl83532385,
16308wl82508429,
16309wl82510101,
17263wl83532282,
17171wl83231248,
17228wl83418342,
17171wl83231220,
17171wl83231298,
17171wl83229541,
17171wl83229153,
16169wl82178160,
17263wl83532184,
17263wl83532324,
17270wl83551065,
16308wl82508835,
17172wl83231447,
17264wl83534864,
17228wl83418626,
17104wl82998409,
17263wl83532587,
17172wl83232499,
17263wl83532695,
17172wl83233941,
17228wl83418118,
17228wl83418851,
17175wl83244040,
17263wl83533531,
17172wl83233951,
17228wl83419857,
15338wl23843800,
17172wl83232162,
17228wl83417791,
15339wl23849311,
17264wl83534573,
17171wl83230625,
17228wl83416689,
16308wl82507191,
17228wl83417004,
16309wl82511221,
17264wl83534197,
17172wl83231707,
17321wl83721901,
15338wl23844006,
17228wl83419111,
16309wl82510365,
17228wl83418891,
16309wl82510157,
17263wl83532767,
17171wl83229006,
15342wl23858229,
16309wl82511110,
15337wl23840465,
15342wl23858256,
15337wl23839010,
15338wl23842351,
15337wl23840057,
15338wl23842445,
15338wl23842046,
15337wl23840055,
15338wl23841012,
15338wl23843895,
15337wl23840127,
15339wl23849075,
15338wl23844606,
15338wl23844214,
15338wl23843805,
15338wl23843988,
15337wl23840373,
15338wl23842601,
15338wl23845614,
15339wl23849214,
15337wl23840119,
17172wl83232341,
15338wl23844193,
15338wl23841405,
15338wl23842728,
15338wl23841835,
15338wl23842299,
15339wl23849222,
15338wl23843487,
15337wl23840479,
15342wl23858240,
17172wl83234131,
15337wl23840267,
15338wl23842106,
15337wl23840464,
17172wl83232890,
17171wl83231233,
16308wl82510024,
17172wl83234191,
16309wl82510380,
16309wl82511356,
17104wl82998235,
15337wl23840492,
15338wl23844233,
15338wl23843071,
15338wl23842944,
15338wl23843531,
15338wl23845176,
15338wl23840749,
15338wl23842942,
15338wl23842049,
15337wl23840657,
15338wl23845680,
15338wl23840765,
15338wl23843577,
15337wl23839054,
15338wl23843150,
15338wl23844122,
15338wl23841830,
17228wl83419838,
17263wl83532018,
17263wl83532518,
17263wl83533658,
17171wl83229485,
17172wl83233072,
17263wl83533710,
17264wl83534866,
17171wl83230813,
17104wl82998686,
17263wl83533147,
15338wl23841437,
17104wl83000213,
15338wl23844216,
17270wl83551248,
17228wl83417440,
17172wl83233510,
15338wl23845361,
17227wl83416591,
17105wl83000749,
17321wl83721866,
17172wl83234001,
17171wl83231093,
17105wl83000850,
17228wl83417545,
15339wl23848821,
15339wl23849014,
15338wl23842187,
15337wl23840645,
15338wl23842674,
15342wl23858121,
15338wl23841802,
15338wl23845118,
15338wl23843004,
17171wl83230479,
15338wl23842782,
15338wl23840940,
15338wl23842537,
17264wl83534888,
17104WL82998570,
17228WL83418503,
15338WL23840727,
16309WL82511132,
15338WL23843090,
17228WL83418656,
17228WL83417700,
15338WL23842673,
17263WL83533641,
17228WL83418607,
17228WL83420141,
15338WL23844851,
15338WL23845491,
16308WL82506850,
16308WL82506733,
15337WL23839059,
17264WL83534541,
15337WL23840049,
15337WL23839359,
16309WL82510311,
16309WL82510337,
17264WL83534224,
17263WL83532085,
15338WL23842186,
17104WL82999487,
17172WL83231976,
17228WL83419277,
17263WL83531882,
15338WL23840761,
17228wl83416856,
17231WL83722129,
17104wl83000048,
17104wl82998806,
16309wl82511136,
17228WL83416579,
17228WL83416390,
17263WL83533552,
17264WL83534898,
17104WL82998875,
17228WL83417453,
17263WL83532694,
17264Wl83535264,
17104WL82998537,
17263WL83531984,
17172WL83233153,
17104WL82999138,
17263WL83533333,
17228WL83419220,
17263WL83533046,
16308WL82509530,
16309WL82510839,
16308WL82507019,
17228WL83416720,
17228WL83418631,
17228WL83416891,
15337WL23840218,
17264WL83533860,
17104WL82999663,
15338wl23842335,
15338wl23838966,
17263WL83532915,
17172wl83232210,
15338wl23842598,
17270wl83551010,
15338wl23841021,
17172wl83232081,
15337wl23839974,
17264WL83533937,
17104WL82998683,
17228WL83416677,
17228WL83416682,
16308WL82508829,
17228WL83416813,
15342WL23858992,
17228WL83418903,
17264WL83535305,
15338WL23845104,
17228WL83418852,
17228WL83417211,
17228WL83419369,
17228WL83420139,
17264WL83533786,
17104WL82998306,
16309WL82510442,
17270WL83550847,
17104WL83000092,
17270WL83551292,
15338WL23844678,
15338WL23841884,
17263WL83533638,
17228WL83418073,
16308WL82510005,
17321WL83721879,
16308WL82506662,
17228WL83417509,
17332WL26909946,
17228WL83417493,
17228WL83419295,
15337WL23840559,
17264WL83534172,
17264WL83534021,
17264WL83534491,
17105WL83000859,
17228WL83418183,
17104WL83000066,
16309WL82510827,
17172WL83232020,
15338WL23845711,
17263WL83532308,
16309WL82510414,
17228WL83419959,
17264WL83534823,
17264WL83534588,
17104WL82999270,
16308WL82509750,
17172WL83231645,
17228WL83417563,
17263WL83531918,
17263WL83532666,
17228WL83419691,
17228WL83416767,
17263WL83533311,
17228WL83420170,
17263WL83532651,
17172WL83232979,
16309WL82511216,
17263WL83532541,
16308WL82508610,
17105WL83000933,
17228WL83419729,
17270WL83551260,
16309WL82510685,
17171WL83229104,
17172WL83232494,
16309WL82510255,
17104WL82998852,
17263WL83533505,
17171WL83229567,
17263WL83532409,
17172WL83232176,
15337WL23839182,
17227WL83416621,
15338WL23844905,
17172WL83232094,
17228WL83418326,
17228WL83418549,
15338WL23842600,
17104WL82999710,
15338WL23843778,
17263WL83533114,
17228WL83419967,
17172WL83231676,
17172WL83233397,
17321WL83721747,
17332WL26909881,
17270WL83550654,
17264WL83534069,
15338WL23842197,
17264WL83535383,
17171WL83229101,
15339WL23849270,
17270WL83550663,
17104WL82999774,
17228WL83420155,
16308WL82509115,
17172WL83232313,
17270WL83550660,
17263WL83532756,
17104WL82999834,
17264WL83534224,
16309WL82510542,
17228WL83417267,
17270WL83551014,
16309WL82510664,
17171WL83229040,
15338WL23843834,
16309WL82510296,
15338WL23845365,
17227WL83416125,
17228WL83418184,
17264WL83534851,
15337WL23840337,
17227WL83416579,
17270WL83550559,
17264WL83533829,
17104WL82998223,
17172WL83232916,
15338WL23843156,
17171WL83231070,
16309WL82510066,
16308WL82509707,
16309WL82510277,
15338WL23840968,
15338WL23842771,
17171WL83230738,
17270WL83551087,
17227WL83416460,
15338WL23843441,
17171WL83230662,
16308WL82509134,
15337WL23840695,
17228WL83418845,
17264WL83534932,
17228WL83417453,
17228WL83419220,
16308WL82509210,
15339WL23849134,
17263WL83533216,
15337WL23839415,
17263WL83532665,
16309WL82510246,
17228WL83417653,
17228WL83417216,
17104WL83000618,
16308WL82510024,
17104WL82999185,
17228WL83417635,
17172WL83233342,
15338WL23843437,
17264WL83534002,
17227WL83416615,
17270WL83550825,
15337WL23838958,
16309WL82510905,
17228WL83419860,
17227WL83416257,
16308WL82509610,
15337WL23839403,
17264WL83534157,
17227WL83416251,
17172WL83232994,
17172WL83232924,
17228WL83418347,
17270WL83550634,
17264WL83534838,
17228WL83418740,
17228WL83416735,
15338WL23842645,
15338WL23845675,
17263WL83533381,
17172WL83231849,
17263WL83532667,
17172WL83233399,
17263WL83531975,
16308WL82506541,
17264WL83534076,
17228WL83419007,
17104WL83000634,
16308WL82509790,
17228WL83419352,
16309WL82510231,
17171WL83231256,
17264WL83534864,
15338WL23844563,
17228WL83419845,
17263WL83532951,
16308WL82508925,
17171WL83230750,
17228WL83416744,
17228WL83419219,
17332WL26909928,
15338WL23845374,
15338WL23842817,
17270WL83551055,
16309WL82510035,
16309WL82510311,
17104WL82999694,
17172WL83233003,
17228WL83420158,
17172WL83232199,
17228WL83419584,
15338WL23844011,
15338WL23842028,
17172WL83231796,
17228WL83419204,
15338WL23841426,
17263WL83533226,
17228WL83416876,
15338WL23843536,
17270WL83551084,
17228WL83418534,
15338WL23842651,
15337WL23840701,
17172WL83232303,
17104WL83000485,
15337WL23840592,
15337WL23840116,
17172WL83231431,
17263WL83532422,
16308WL82509768,
17172WL83233432,
17228WL83417000,
17104WL82999847,
17228WL83417174,
17227WL83416379,
17172WL83233025,
16309WL82511066,
15338WL23842335,
17104WL82999036,
17171WL83229288,
17228WL83418973,
17228WL83416678,
15338WL23842832,
15338WL23842945,
17263WL83533556,
17264WL83534068,
17227WL83416226,
17172WL83233215,
17264WL83534423,
17171WL83228909,
17263WL83533530,
17172WL83231941,
17228WL83416990,
17227WL83416281,
17264WL83535235,
17172WL83232070,
17172WL83232383,
15338WL23844039,
16309WL82510880,
17228WL83418461,
17263WL83533242,
17264WL83534718,
17171WL83231178,
17263WL83532796,
17172WL83231993,
17104WL83000284,
15338WL23841504,
15337WL23840278,
15338WL23842280,
17263WL83533471,
15337WL23840102,
16307WL82504837,
16309WL82510058,
17104WL82998269,
17228WL83418402,
17171WL83230685,
17228WL83419842,
15337WL23839020,
17171WL83231253,
15338WL23842676,
16308WL82506521,
17104WL82999767,
17228WL83419852,
15338WL23845376,
17171WL83231199,
16308WL82509568,
15338WL23840774,
15338WL23842186,
17172WL83233976,
15337WL23839261,
15339WL23849212,
17228WL83418053,
15338WL23844292,
17228WL83419417,
16308WL82506912,
16309WL82510221,
16309WL82511281,
15339WL23849260,
17228WL83418106,
17172WL83232880,
17228WL83418754,
17171WL83230925,
17228WL83418244,
17104WL83000046,
17104WL82999630,
15338WL23843780,
15338WL23845334,
15338WL23842692,
16308WL82508384,
15339WL23849092,
17228WL83418129,
15338WL23843314,
17228WL83417913,
15338WL23844628,
17228WL83420094,
17175WL83244063,
17172WL83231494,
16308WL82508843,
17264WL83534045,
17228WL83417851,
17332WL26909943,
17228WL83418991,
17228WL83418955,
17228WL83419357,
17228WL83418730,
17228WL83418758,
17264WL83535237,
17321WL83721604,
17171WL83230428,
15338WL23843503,
17228WL83419912,
17264WL83534961,
17104WL83000180,
17228WL83418814,
17227WL83416275,
17270WL83550993,
15338WL23843954,
17104WL82999227,
15338WL23841422,
17171WL83230950,
17171WL83230699,
17171WL83229194,
15337WL23838866,
17228WL83418607,
16308WL82509837,
17264WL83534023,
17264WL83533832,
17228WL83418854,
17228WL83418796,
17263WL83531856,
17228WL83417947,
15337WL23840168,
17228WL83416905,
16309WL82511152,
17270WL83551223,
17228WL83418440,
17171WL83229523,
17270WL83550716,
15339WL23849204,
15339WL23848860,
17228WL83420135,
17172WL83234016,
17171WL83228707,
16308WL82507022,
17263WL83532913,
15338WL23844488,
15339WL23849299,
15339WL23849009,
16308WL82509120,
17264WL83534550,
16308WL82507384,
16309WL82511208,
17172WL83232314,
15338WL23844766,
17171WL83229204,
17228WL83419109,
15337WL23840163,
17171WL83231074,
15338WL23841856,
17264WL83534052,
17171WL83231126,
16308WL82509735,
17171WL83231094,
17227WL83416114,
17227WL83416331,
17171WL83229301,
17264WL83534160,
17104WL82999332,
17228WL83418856,
17332WL26910121,
16308WL82509526,
17263WL83531916,
17228WL83417371,
15337WL23840192,
15338WL23843723,
15337WL23839300,
17263WL83532926,
17228WL83417173,
15337WL23840183,
17228WL83418126,
17172WL83232318,
17264WL83535347,
17263WL83533629,
17263WL83531961,
17263WL83533448,
15338WL23840942,
17228WL83418332,
17228WL83420174,
15339WL23849343,
17321WL83722110,
15338WL23843299,
17263WL83532749,
17172WL83231597,
15338WL23842932,
17228WL83418396,
17263WL83533196,
15337WL23838932,
15338WL23844617,
16308WL82508835,
17227WL83416635,
15338WL23842673,
17321WL83721767,
17228WL83417100,
17171WL83231332,
17321WL83721554,
15338WL23841814,
15337WL23840524,
15337WL23840611,
17104WL82998772,
17172wl83231342,
17171wl83230293,
16169WL82178655,
17104WL82999313,
17104WL82998706,
17263WL83533260,
15337WL23840590,
17228WL83416782,
17263WL83532235,
17263WL83532075,
16308WL82509067,
17104WL82998362,
17263WL83533455,
17104WL82999865,
17228WL83418731,
15338WL23843730,
17321WL83722134,
17228WL83417888,
15338WL23844305,
17228WL83419243,
16308WL82508198,
17228WL83419862,
15338WL23841702,
17332WL26909953,
17171WL83228729,
17228WL83417369,
16308WL82509090,
15337WL23840160,
16308WL82508653,
15337WL23839940,
17263WL83533245,
17228WL83419934,
17228WL83418339,
17171WL83230916,
15338WL23842461,
17227WL83416246,
15338WL23845648,
17172WL83231738,
17263WL83533089,
16323WL82551127,
17228WL83416688,
17263WL83532330,
17264WL83534361,
16323WL82551186,
17104WL83000345,
15338WL23842992,
16308WL82509780,
17228WL83417071,
17228WL83418182,
17172WL83232556,
17228WL83419150,
16308WL82509597,
16308WL82509807,
17228WL83419145,
17228WL83417909,
17171WL83229349,
16309WL82510363,
17263wl83533253,
17270wl83551152,
17264WL83534473,
17228WL83417056,
15337WL23840239,
17228WL83420137,
17104WL83000540,
17228WL83418901,
17227WL83416536,
17264WL83535076,
17263WL83532339,
17263WL83533420,
16308WL82510006,
17228WL83417904,
17104WL82999325,
16309WL82510301,
17228WL83419787,
17321WL83721806,
17228WL83418489,
16309WL82511173,
17104WL82999537,
17104WL83000501,
17321WL83721989,
17228WL83418827,
17228WL83418855,
17264WL83534432,
17263WL83532549,
17228WL83419291,
17171WL83231331,
17171WL83229296,
17270WL83551296,
15338WL23842907,
16323WL82551175,
17104WL83000325,
16309WL82510860,
17172WL83231385,
15339WL23849265,
16309WL82510284,
17264WL83534572,
17104WL82999448,
16307WL82505195,
17228WL83418144,
15337WL23840543,
17228WL83418385,
15338WL23842613,
17264WL83534853,
17104WL82999593,
17264WL83534212,
17264WL83534973,
17228WL83419372,
17227WL83416430,
17228WL83419832,
17263WL83533233,
17228WL83419882,
17104WL83000009,
17264WL83534843,
17104WL82998372,
17172WL83232950,
15338WL23845641,
17228WL83417908,
16308WL82509943,
17105WL83000770,
17172WL83232515,
17104WL82998386,
15338WL23842995,
15339WL23849286,
15337WL23839046,
17104WL82999795,
16308WL82509199,
17228WL83419030,
17228WL83418313,
17227WL83416094,
16308WL82508677,
16309WL82511132,
17172WL83232031,
17263WL83532148,
17172WL83232981,
17228WL83418575,
16308WL82509566,
16308WL82506908,
17364PP83777634,
17364PP83777628,
18015PP83809018,
